{"cameraMode":{"drawMode":0,"name":"Shaded","section":"Shading Mode"},"sceneLighting":false,"audioPlay":false,"sceneViewState":{"showFog":false,"showMaterialUpdate":false,"showSkybox":false,"showFlares":false,"showImageEffects":false,"showParticleSystems":false},"in2DMode":false,"pivot":{"x":1.9933650493621827,"y":0.09682703018188477,"z":-6.312355041503906},"rotation":{"x":0.08717229217290878,"y":-0.8995905518531799,"z":0.21045254170894624,"w":0.37262260913848879},"size":2.448120594024658,"orthographic":false}