{"cameraMode":{"drawMode":0,"name":"Shaded","section":"Shading Mode"},"sceneLighting":false,"audioPlay":false,"sceneViewState":{"showFog":false,"showMaterialUpdate":false,"showSkybox":false,"showFlares":false,"showImageEffects":false,"showParticleSystems":false},"in2DMode":false,"pivot":{"x":0.12488371878862381,"y":0.06514699012041092,"z":-0.10676409304141998},"rotation":{"x":-0.056202299892902377,"y":0.7521851062774658,"z":-0.06470353156328201,"w":-0.6533547043800354},"size":0.0802152156829834,"orthographic":false}